Activity Type,Date,Favorite,Title,Distance,Calories,Time,Avg HR,Max HR,Aerobic TE,Avg Cadence,Max Cadence,Avg Pace,Best Pace,Elev Gain,Elev Loss,Avg Stride Length,Avg Vertical Ratio,Avg Vertical Oscillation,Avg Ground Contact Time,Avg GCT Balance,Avg Cadence,Max Cadence,Normalized Power® (NP®),L/R Balance,Training Stress Score®,Max Avg Power (20 min),Power,Max Power,Total Strokes,Avg. Swolf,Avg Stroke Rate,Max Depth,Bottom Time,Min Water Temp,Gas Type,Surface Interval,Decompression,Weight,Current,Surface Conditions,Water Type
running,11/02/2018 17:48,FALSE,Dun Laoghaire Running,10.38,719,56:37:00,162,186,4.8,177,185,05:27,04:10,185,185,1.03,0,7.3,262,--,--,--,--,--,0,--,--,--,--,--,--,--,00:00,0,--,00:00,No,--,--,--,--
running,31/12/2017 13:32,FALSE,Dun Laoghaire Running,10.53,749,56:30:00,166,186,5,177,186,05:22,04:07,181,182,1.05,0,7.4,255,--,--,--,--,--,0,--,--,--,--,--,--,--,00:00,0,--,00:00,No,--,--,--,--
running,28/12/2017 17:17,FALSE,Dun Laoghaire Running,10.71,744,01:00:15,157,182,4.1,177,189,05:38,03:41,198,183,1,0,7,271,--,--,--,--,--,0,--,--,--,--,--,--,--,00:00,0,--,00:00,No,--,--,--,--
running,15/11/2017 19:12,FALSE,Dun Laoghaire Running,10.54,682,54:50:00,159,181,4.3,180,193,05:12,02:41,178,177,1.07,0,7.2,252,--,--,--,--,--,0,--,--,--,--,--,--,--,00:00,0,--,00:00,No,--,--,--,--
trail_running,11/11/2017 10:32,FALSE,IMRA at Maulin and Djouce,15.37,"1,388",02:08:54,155,187,4.1,129,255,08:23,04:16,848,834,0.91,0,13.4,380,--,--,--,--,--,0,--,--,--,--,--,--,--,00:00,0,--,00:00,No,--,--,--,--
track_running,06/11/2017 18:58,FALSE,Dun Laoghaire Running,7.95,530,43:16:00,158,180,3.7,176,200,05:27,03:47,128,120,1.03,0,6.7,256,--,--,--,--,--,0,--,--,--,--,--,--,--,00:00,0,--,00:00,No,--,--,--,--
trail_running,05/11/2017 09:21,FALSE,Maulin ,11.75,849,01:52:02,133,173,3,123,227,09:32,04:48,549,545,0.84,0,7.3,342,--,--,--,--,--,0,--,--,--,--,--,--,--,00:00,0,--,00:00,No,--,--,--,--
running,01/11/2017 16:52,FALSE,Dun Laoghaire Running,8.96,595,48:29:00,156,176,3.7,177,197,05:25,04:02,167,148,1.04,0,7.3,254,--,--,--,--,--,0,--,--,--,--,--,--,--,00:00,0,--,00:00,No,--,--,--,--
running,27/10/2017 18:15,FALSE,Dun Laoghaire Running,10.86,734,56:37:00,162,184,4.3,177,189,05:13,03:23,142,207,1.08,0,7.7,257,--,--,--,--,--,0,--,--,--,--,--,--,--,00:00,0,--,00:00,No,--,--,--,--
track_running,25/10/2017 18:53,FALSE,Dun Laoghaire Running,7.83,519,41:43:00,158,181,3.7,172,195,05:20,02:48,130,120,1.08,0,7.4,254,--,--,--,--,--,0,--,--,--,--,--,--,--,00:00,0,--,00:00,No,--,--,--,--
running,22/10/2017 08:59,FALSE,Dun Laoghaire Running,24.3,"1,425",02:15:10,153,177,3.4,176,185,05:34,02:25,289,274,1.02,0,7.6,254,--,--,--,--,--,0,--,--,--,--,--,--,--,00:00,0,--,00:00,No,--,--,--,--
track_running,18/10/2017 18:31,FALSE,Dun Laoghaire Running,8.56,539,47:57:00,152,178,3.6,167,199,05:36,03:44,161,152,1.05,0,7.4,264,--,--,--,--,--,0,--,--,--,--,--,--,--,00:00,0,--,00:00,No,--,--,--,--
running,15/10/2017 08:55,FALSE,Dun Laoghaire Running,11.55,717,01:06:48,149,172,3.4,177,187,05:47,04:10,215,194,0.97,0,7.5,254,--,--,--,--,--,0,--,--,--,--,--,--,--,00:00,0,--,00:00,No,--,--,--,--
running,11/10/2017 18:25,FALSE,Dun Laoghaire Running,10.22,673,55:50:00,157,177,4,174,201,05:28,02:42,166,144,1.04,0,7.3,257,--,--,--,--,--,0,--,--,--,--,--,--,--,00:00,0,--,00:00,No,--,--,--,--
trail_running,08/10/2017 12:52,FALSE,Three Rock,22.9,"1,184",02:30:34,147,173,3.6,159,242,06:34,02:24,469,413,0.95,0,7.5,290,--,--,--,--,--,0,--,--,--,--,--,--,--,00:00,0,--,00:00,No,--,--,--,--
track_running,06/10/2017 17:54,FALSE,Dun Laoghaire Running,10.18,675,59:34:00,152,176,3.5,174,197,05:51,04:29,175,154,0.97,0,6.8,261,--,--,--,--,--,0,--,--,--,--,--,--,--,00:00,0,--,00:00,No,--,--,--,--
running,04/10/2017 17:38,FALSE,Dun Laoghaire Running,10.93,734,58:06:00,157,179,4.4,180,188,05:19,03:36,203,183,1.05,0,7.1,256,--,--,--,--,--,0,--,--,--,--,--,--,--,00:00,0,--,00:00,No,--,--,--,--
running,01/10/2017 08:51,FALSE,Dun Laoghaire Running,10.34,671,59:04:00,153,181,3.5,171,197,05:43,03:05,172,149,1.01,0,7.4,254,--,--,--,--,--,0,--,--,--,--,--,--,--,00:00,0,--,00:00,No,--,--,--,--
running,29/09/2017 19:09,FALSE,Dun Laoghaire Running,9.96,656,54:33:00,154,177,4,173,208,05:29,04:15,179,188,1.06,0,7.9,261,--,--,--,--,--,0,--,--,--,--,--,--,--,00:00,0,--,00:00,No,--,--,--,--
track_running,24/09/2017 09:40,FALSE,Dun Laoghaire Running,10.48,716,01:04:19,153,182,3.3,166,201,06:08,04:00,164,151,0.96,0,7.2,264,--,--,--,--,--,0,--,--,--,--,--,--,--,00:00,0,--,00:00,No,--,--,--,--
running,17/09/2017 12:36,FALSE,Dun Laoghaire Running,16.64,"1,025",01:31:19,149,170,3.5,175,188,05:29,02:50,132,185,1.04,0,8,260,--,--,--,--,--,0,--,--,--,--,--,--,--,00:00,0,--,00:00,No,--,--,--,--
running,15/09/2017 18:18,FALSE,Dun Laoghaire Running,9.99,668,55:08:00,156,179,3.7,174,186,05:31,03:12,188,168,1.04,0,7.7,263,--,--,--,--,--,0,--,--,--,--,--,--,--,00:00,0,--,00:00,No,--,--,--,--
track_running,13/09/2017 17:46,FALSE,Dun Laoghaire Running,8.53,583,47:06:00,158,179,3.8,174,195,05:31,03:31,167,146,1.04,0,7.8,271,--,--,--,--,--,0,--,--,--,--,--,--,--,00:00,0,--,00:00,No,--,--,--,--
running,10/09/2017 17:57,FALSE,Dun Laoghaire Running,15.01,945,01:22:20,155,177,3.7,173,199,05:29,04:27,315,282,1.05,0,7.6,265,--,--,--,--,--,0,--,--,--,--,--,--,--,00:00,0,--,00:00,No,--,--,--,--
track_running,06/09/2017 19:13,FALSE,Dun Laoghaire Running,8.22,575,45:47:00,161,181,3.9,173,208,05:34,02:56,161,148,1.03,0,7.6,273,--,--,--,--,--,0,--,--,--,--,--,--,--,00:00,0,--,00:00,No,--,--,--,--
running,03/09/2017 18:36,FALSE,Dun Laoghaire Running,8.68,561,47:38:00,153,179,3.5,173,182,05:29,03:21,131,136,1.05,0,7.9,270,--,--,--,--,--,0,--,--,--,--,--,--,--,00:00,0,--,00:00,No,--,--,--,--
track_running,30/08/2017 19:23,FALSE,Dun Laoghaire Running,8.74,601,48:20:00,161,177,3.9,175,189,05:32,04:07,167,148,1.03,0,7.5,261,--,--,--,--,--,0,--,--,--,--,--,--,--,00:00,0,--,00:00,No,--,--,--,--
running,27/08/2017 18:46,FALSE,Dun Laoghaire Running,22.01,"1,423",02:01:18,158,172,5,175,204,05:31,01:51,107,116,1.04,0,7.5,266,--,--,--,--,--,0,--,--,--,--,--,--,--,00:00,0,--,00:00,No,--,--,--,--
running,23/08/2017 19:05,FALSE,Dun Laoghaire Running,9.57,661,52:27:00,167,185,4.8,176,244,05:29,03:38,196,176,1.03,0,7.3,272,--,--,--,--,--,0,--,--,--,--,--,--,--,00:00,0,--,00:00,No,--,--,--,--
running,21/08/2017 17:59,FALSE,Dublin 4 Running,14.85,914,01:37:44,146,167,3.1,163,240,06:35,04:00,111,27,0.93,0,8.6,288,--,--,--,--,--,0,--,--,--,--,--,--,--,00:00,0,--,00:00,No,--,--,--,--
running,17/08/2017 19:03,FALSE,Dun Laoghaire Running,7.46,523,41:25:00,166,188,4.8,176,255,05:33,03:57,154,139,1.02,0,7.3,274,--,--,--,--,--,0,--,--,--,--,--,--,--,00:00,0,--,00:00,No,--,--,--,--
running,13/08/2017 16:02,FALSE,Dublin 18 Running,13.81,877,01:19:27,159,183,4.5,175,188,05:45,04:19,271,267,0.99,0,7,276,--,--,--,--,--,0,--,--,--,--,--,--,--,00:00,0,--,00:00,No,--,--,--,--
running,09/08/2017 19:54,FALSE,Dun Laoghaire Running,10.18,741,56:05:00,170,190,5,170,180,05:31,03:53,175,184,1.07,0,7.8,276,--,--,--,--,--,0,--,--,--,--,--,--,--,00:00,0,--,00:00,No,--,--,--,--
running,07/08/2017 17:17,FALSE,Dun Laoghaire Running,7.25,448,40:08:00,151,183,3.6,162,173,05:32,04:31,104,165,1.11,0,8.9,283,--,--,--,--,--,0,--,--,--,--,--,--,--,00:00,0,--,00:00,No,--,--,--,--
running,03/08/2017 19:38,FALSE,Dun Laoghaire Running,8.69,598,47:29:00,165,192,5,174,183,05:28,04:19,154,136,1.05,0,7.2,277,--,--,--,--,--,0,--,--,--,--,--,--,--,00:00,0,--,00:00,No,--,--,--,--
running,23/07/2017 08:18,FALSE,Guadix Running,10.55,698,01:08:24,151,184,3.9,158,182,06:29,04:43,180,188,0.97,0,7.6,290,--,--,--,--,--,0,--,--,--,--,--,--,--,00:00,0,--,00:00,No,--,--,--,--
running,14/07/2017 08:11,FALSE,Guadix Running,10.6,732,01:02:46,156,184,4.2,165,184,05:55,03:45,181,189,1.02,0,7.8,291,--,--,--,--,--,0,--,--,--,--,--,--,--,00:00,0,--,00:00,No,--,--,--,--
running,13/07/2017 09:03,FALSE,Guadix Running,7.68,570,46:15:00,161,188,4.2,159,173,06:01,02:34,167,164,1.04,0,8.7,299,--,--,--,--,--,0,--,--,--,--,--,--,--,00:00,0,--,00:00,No,--,--,--,--
running,09/07/2017 08:16,FALSE,Guadix Running,11.05,762,01:06:51,155,181,3.4,164,192,06:03,04:49,189,189,1.01,0,8,289,--,--,--,--,--,0,--,--,--,--,--,--,--,00:00,0,--,00:00,No,--,--,--,--
running,02/07/2017 09:37,FALSE,Dun Laoghaire Running,10.57,727,56:51:00,165,191,4.7,174,186,05:23,03:39,193,183,1.07,0,7.6,267,--,--,--,--,--,0,--,--,--,--,--,--,--,00:00,0,--,00:00,No,--,--,--,--
running,25/06/2017 07:53,FALSE,Chicago Running,12.53,785,01:00:37,166,178,4.7,173,199,04:50,00:24,4,5,1.19,0,7.7,267,--,--,--,--,--,0,--,--,--,--,--,--,--,00:00,0,--,00:00,No,--,--,--,--
running,19/06/2017 06:14,FALSE,Saint Charles Running,5.63,363,29:02:00,161,179,3.4,175,217,05:09,03:48,9,29,1.11,0,7.8,263,--,--,--,--,--,0,--,--,--,--,--,--,--,00:00,0,--,00:00,No,--,--,--,--
running,13/06/2017 20:30,FALSE,Dun Laoghaire Running,8.67,587,47:37:00,160,184,4.2,179,193,05:29,03:28,165,151,1.02,0,7.1,263,--,--,--,--,--,0,--,--,--,--,--,--,--,00:00,0,--,00:00,No,--,--,--,--
running,11/06/2017 09:03,FALSE,Dun Laoghaire Running,10.57,675,57:54:00,157,182,4.2,179,207,05:29,02:40,212,202,1.02,0,6.7,260,--,--,--,--,--,0,--,--,--,--,--,--,--,00:00,0,--,00:00,No,--,--,--,--
running,07/06/2017 19:31,FALSE,Dun Laoghaire Running,8.19,516,45:12:00,154,183,3.8,171,184,05:31,04:20,167,150,1.06,0,7.8,276,--,--,--,--,--,0,--,--,--,--,--,--,--,00:00,0,--,00:00,No,--,--,--,--
running,03/06/2017 10:26,FALSE,Dun Laoghaire Running,10.48,730,59:50:00,162,187,5,167,179,05:43,04:08,180,181,1.05,0,8.1,281,--,--,--,--,--,0,--,--,--,--,--,--,--,00:00,0,--,00:00,No,--,--,--,--
running,31/05/2017 19:21,FALSE,Dun Laoghaire Running,8.69,609,49:05:00,162,183,4.8,171,185,05:39,04:27,159,145,1.03,0,7.6,279,--,--,--,--,--,0,--,--,--,--,--,--,--,00:00,0,--,00:00,No,--,--,--,--
running,28/05/2017 09:01,FALSE,Dun Laoghaire Running,8.18,512,45:58:00,153,183,3.9,172,183,05:37,04:29,152,151,1.04,0,7.7,275,--,--,--,--,--,0,--,--,--,--,--,--,--,00:00,0,--,00:00,No,--,--,--,--
running,20/05/2017 07:01,FALSE,Dun Laoghaire Running,8.7,578,49:44:00,153,178,4.5,174,196,05:43,04:50,171,147,1,0,7.9,251,--,--,--,--,--,0,--,--,--,--,--,--,--,00:00,0,--,00:00,No,--,--,--,--
running,17/05/2017 19:21,FALSE,Dun Laoghaire Running,7.79,520,42:13:00,165,190,4.8,175,184,05:25,04:22,111,111,0,0,7.9,252,--,--,--,--,--,0,--,--,--,--,--,--,--,00:00,0,--,00:00,No,--,--,--,--
running,07/05/2017 08:57,FALSE,Dun Laoghaire Running,7.48,483,39:54:00,161,186,4.4,176,183,05:20,03:48,124,116,0,0,7.7,243,--,--,--,--,--,0,--,--,--,--,--,--,--,00:00,0,--,00:00,No,--,--,--,--
running,03/05/2017 20:17,FALSE,Dun Laoghaire Running,7.24,486,39:54:00,164,182,4.6,175,186,05:30,04:01,123,124,1.03,0,7.3,267,--,--,--,--,--,0,--,--,--,--,--,--,--,00:00,0,--,00:00,No,--,--,--,--
running,25/04/2017 07:06,FALSE,Madrid Running,5.43,339,37:11:00,139,155,2.6,157,172,06:51,05:20,33,73,0.93,0,8.9,299,--,--,--,--,--,0,--,--,--,--,--,--,--,00:00,0,--,00:00,No,--,--,--,--
running,23/04/2017 17:53,FALSE,Dun Laoghaire Running,8.15,545,47:54:00,157,176,4.5,166,179,05:52,03:11,143,140,1.02,0,7.9,282,--,--,--,--,--,0,--,--,--,--,--,--,--,00:00,0,--,00:00,No,--,--,--,--
running,02/04/2017 09:31,FALSE,Dun Laoghaire Running,7.21,510,49:36:00,154,182,3.8,163,255,06:53,03:26,166,230,0.89,0,8.4,277,--,--,--,--,--,0,--,--,--,--,--,--,--,00:00,0,--,00:00,No,--,--,--,--
running,05/03/2017 09:43,FALSE,Dun Laoghaire Running,9.45,673,57:07:00,166,187,5,172,220,06:03,04:16,219,156,0.96,0,7.5,261,--,--,--,--,--,0,--,--,--,--,--,--,--,00:00,0,--,00:00,No,--,--,--,--
running,05/03/2017 09:25,FALSE,Dun Laoghaire Running,2.53,141,11:49,161,176,2.9,180,187,04:41,04:12,--,62,1.19,0,7.7,239,--,--,--,--,--,0,--,--,--,--,--,--,--,00:00,0,--,00:00,No,--,--,--,--
running,19/02/2017 11:14,FALSE,Dun Laoghaire Running,8.51,594,50:24:00,161,187,4.6,175,231,05:55,01:36,172,170,0.96,0,7.7,252,--,--,--,--,--,0,--,--,--,--,--,--,--,00:00,0,--,00:00,No,--,--,--,--
running,05/02/2017 09:27,FALSE,Dun Laoghaire Running,10.35,680,58:16:00,162,185,4.9,177,187,05:38,04:06,182,182,1,0,7.4,254,--,--,--,--,--,0,--,--,--,--,--,--,--,00:00,0,--,00:00,No,--,--,--,--
running,22/01/2017 09:34,FALSE,Dun Laoghaire Running,8.32,511,44:52:00,164,183,5,182,197,05:24,04:04,87,19,1.02,0,7.1,247,--,--,--,--,--,0,--,--,--,--,--,--,--,00:00,0,--,00:00,No,--,--,--,--
running,15/01/2017 10:53,FALSE,Dun Laoghaire Running,13.69,905,01:25:07,158,182,4.3,163,255,06:13,04:31,150,234,0.98,0,8.4,274,--,--,--,--,--,0,--,--,--,--,--,--,--,00:00,0,--,00:00,No,--,--,--,--
running,13/01/2017 09:37,FALSE,Dun Laoghaire Running,4.84,441,39:03:00,161,188,4.4,142,255,08:04,04:02,179,144,0.87,0,6.2,288,--,--,--,--,--,0,--,--,--,--,--,--,--,00:00,0,--,00:00,No,--,--,--,--
running,07/01/2017 15:45,FALSE,Dun Laoghaire Running,8.07,535,44:55:00,162,177,4.8,174,184,05:34,02:51,97,86,1.03,0,7.7,253,--,--,--,--,--,0,--,--,--,--,--,--,--,00:00,0,--,00:00,No,--,--,--,--
running,31/12/2016 15:49,FALSE,Birr Running,11.09,779,01:08:16,160,177,4.6,159,182,06:09,04:53,81,74,1.02,0,8.5,292,--,--,--,--,--,0,--,--,--,--,--,--,--,00:00,0,--,00:00,No,--,--,--,--
running,18/12/2016 09:09,FALSE,Dun Laoghaire Running,7.48,524,42:39:00,166,182,4.7,175,187,05:42,03:55,77,22,1,0,7.7,254,--,--,--,--,--,0,--,--,--,--,--,--,--,00:00,0,--,00:00,No,--,--,--,--
running,25/11/2016 15:42,FALSE,Dun Laoghaire Running,6.28,448,35:16:00,170,187,4.7,168,191,05:37,04:14,34,--,1.06,0,7.9,267,--,--,--,--,--,0,--,--,--,--,--,--,--,00:00,0,--,00:00,No,--,--,--,--
running,21/10/2016 06:48,FALSE,Makali Running,5.91,440,38:40:00,157,170,3.5,158,200,06:32,04:13,36,34,0.97,0,8.8,276,--,--,--,--,--,0,--,--,--,--,--,--,--,00:00,0,--,00:00,No,--,--,--,--
running,07/10/2016 17:16,FALSE,Running,10.1,732,56:59:00,171,190,5,178,191,05:39,03:46,178,178,1,0,7.3,258,--,--,--,--,--,0,--,--,--,--,--,--,--,00:00,0,--,00:00,No,--,--,--,--
running,02/10/2016 07:36,FALSE,Dun Laoghaire Running,7.52,495,40:40:00,165,181,3.7,181,192,05:24,03:51,84,107,1.02,0,7,256,--,--,--,--,--,0,--,--,--,--,--,--,--,00:00,0,--,00:00,No,--,--,--,--
running,18/09/2016 17:05,FALSE,Chicago Running,11.88,813,01:06:14,166,178,4.8,168,255,05:35,00:50,2,4,1.07,0,8,260,--,--,--,--,--,0,--,--,--,--,--,--,--,00:00,0,--,00:00,No,--,--,--,--
running,14/09/2016 19:24,FALSE,Bray Running,12.54,919,01:14:46,167,184,5,158,234,05:58,03:37,245,236,1.06,0,8.9,269,--,--,--,--,--,0,--,--,--,--,--,--,--,00:00,0,--,00:00,No,--,--,--,--
running,11/09/2016 08:05,FALSE,Dun Laoghaire Running,7.06,464,37:38:00,165,186,3.9,181,194,05:20,02:27,118,120,1.04,0,6.9,256,--,90,--,--,--,0,--,--,--,--,--,--,--,00:00,0,--,00:00,No,--,--,--,--
running,07/09/2016 19:05,FALSE,Dun Laoghaire Running,12.39,926,01:16:01,168,190,5,162,231,06:08,03:53,284,285,1.01,0,8.7,276,--,80,--,--,--,0,--,--,--,--,--,--,--,00:00,0,--,00:00,No,--,--,--,--
running,05/09/2016 18:29,FALSE,Dun Laoghaire Running,8.14,561,44:05:00,169,188,5,174,184,05:25,02:47,141,142,1.06,0,7.7,268,--,86,--,--,--,0,--,--,--,--,--,--,--,00:00,0,--,00:00,No,--,--,--,--
running,31/08/2016 19:21,FALSE,Dun Laoghaire Running,10.14,706,56:53:00,168,184,5,166,188,05:37,01:55,180,181,1.07,0,8.4,276,--,82,--,--,--,0,--,--,--,--,--,--,--,00:00,0,--,00:00,No,--,--,--,--
running,24/08/2016 17:44,FALSE,Dun Laoghaire Running,8.35,544,43:53:00,167,184,4.6,171,187,05:15,02:34,169,162,1.11,0,8.2,252,--,85,--,--,--,0,--,--,--,--,--,--,--,00:00,0,--,00:00,No,--,--,--,--
running,22/08/2016 18:29,FALSE,Dun Laoghaire Running,8.12,548,44:31:00,164,183,4.7,174,187,05:29,04:19,147,147,1.05,0,7.7,252,--,87,--,--,--,0,--,--,--,--,--,--,--,00:00,0,--,00:00,No,--,--,--,--
running,14/08/2016 17:31,FALSE,Dun Laoghaire Running,8.15,518,44:46:00,160,184,4,177,188,05:30,03:43,145,146,1.03,0,7,269,--,--,--,--,--,0,--,--,--,--,--,--,--,00:00,0,--,00:00,No,--,--,--,--
running,07/08/2016 09:06,FALSE,Dun Laoghaire Running,7.51,515,40:19:00,170,185,5,181,192,05:22,04:19,104,121,1.03,0,7.1,256,--,--,--,--,--,0,--,--,--,--,--,--,--,00:00,0,--,00:00,No,--,--,--,--
running,03/08/2016 19:09,FALSE,Dun Laoghaire Running,7.34,513,40:14:00,172,191,4.9,170,178,05:29,04:14,112,111,1.07,0,8,262,--,--,--,--,--,0,--,--,--,--,--,--,--,00:00,0,--,00:00,No,--,--,--,--
running,19/06/2016 13:08,FALSE,Dublin 18 Running,19.6,"1,255",01:59:53,160,186,4,160,255,06:07,03:34,62,270,1.02,0,8.4,293,--,--,--,--,--,0,--,--,--,--,--,--,--,00:00,0,--,00:00,No,--,--,--,--
running,10/06/2016 18:19,FALSE,Dun Laoghaire Running,9.44,701,56:37:00,170,191,4.9,163,226,06:00,03:56,236,179,1.03,0,8.7,280,--,--,--,--,--,0,--,--,--,--,--,--,--,00:00,0,--,00:00,No,--,--,--,--
running,02/06/2016 10:55,FALSE,Dun Laoghaire Running,9.66,648,55:06:00,166,186,4.5,172,244,05:42,00:42,209,207,1.02,0,8.1,253,--,--,--,--,--,0,--,--,--,--,--,--,--,00:00,0,--,00:00,No,--,--,--,--
running,29/05/2016 19:01,FALSE,Dun Laoghaire Running,10.03,622,54:15:00,161,181,4.5,169,186,05:25,02:19,192,193,1.09,0,8.5,265,--,--,--,--,--,0,--,--,--,--,--,--,--,00:00,0,--,00:00,No,--,--,--,--
running,26/05/2016 08:26,FALSE,Dun Laoghaire Running,7.01,464,36:26:00,170,191,5,175,189,05:12,00:54,129,132,1.1,0,7.9,253,--,--,--,--,--,0,--,--,--,--,--,--,--,00:00,0,--,00:00,No,--,--,--,--
running,22/05/2016 16:07,FALSE,Dun Laoghaire Running,8.01,504,41:45:00,166,187,4.9,176,186,05:13,04:03,124,125,1.09,0,7.7,263,--,--,--,--,--,0,--,--,--,--,--,--,--,00:00,0,--,00:00,No,--,--,--,--
running,16/05/2016 16:40,FALSE,Dun Laoghaire Running,8.01,485,43:26:00,158,180,4.1,170,191,05:26,03:18,63,101,1.08,0,8.3,272,--,--,--,--,--,0,--,--,--,--,--,--,--,00:00,0,--,00:00,No,--,--,--,--
running,11/05/2016 18:43,FALSE,Dun Laoghaire Running,8.08,524,44:24:00,167,185,4.9,168,197,05:30,03:38,138,148,1.08,0,8.2,270,--,--,--,--,--,0,--,--,--,--,--,--,--,00:00,0,--,00:00,No,--,--,--,--
running,09/05/2016 07:45,FALSE,Dun Laoghaire Running,7.02,461,38:54:00,167,188,4.4,170,198,05:32,04:38,105,102,1.06,0,8,270,--,--,--,--,--,0,--,--,--,--,--,--,--,00:00,0,--,00:00,No,--,--,--,--
running,17/04/2016 07:20,FALSE,Dun Laoghaire Running,9.26,610,54:03:00,164,187,4.1,169,255,05:50,04:21,208,208,1.01,0,8.2,269,--,--,--,--,--,0,--,--,--,--,--,--,--,00:00,0,--,00:00,No,--,--,--,--
trail_running,10/04/2016 10:58,FALSE,Tibradden,15.09,"1,129",01:52:05,159,184,4.1,146,225,07:26,04:53,491,455,0.92,0,8.2,308,--,--,--,--,--,0,--,--,--,--,--,--,--,00:00,0,--,00:00,No,--,--,--,--
running,07/04/2016 08:26,FALSE,Dun Laoghaire Running,9.63,594,58:32:00,157,185,3.6,167,202,06:05,02:21,231,230,0.98,0,8.2,280,--,--,--,--,--,0,--,--,--,--,--,--,--,00:00,0,--,00:00,No,--,--,--,--
running,31/03/2016 19:06,FALSE,Dun Laoghaire Running,7.95,508,41:47:00,163,184,4,176,255,05:15,04:31,--,37,1.08,0,7.7,260,--,--,--,--,--,0,--,--,--,--,--,--,--,00:00,0,--,00:00,No,--,--,--,--
trail_running,28/03/2016 09:12,FALSE,pet cemetary,14.11,"1,028",01:33:02,160,186,4.1,151,255,06:36,03:56,348,383,1,0,7.7,286,--,--,--,--,--,0,--,--,--,--,--,--,--,00:00,0,--,00:00,No,--,--,--,--
running,25/03/2016 16:41,FALSE,Dun Laoghaire Running,14.01,899,01:16:33,162,178,5,167,214,05:28,04:04,43,46,1.09,0,8.5,278,--,--,--,--,--,0,--,--,--,--,--,--,--,00:00,0,--,00:00,No,--,--,--,--
running,20/03/2016 11:18,FALSE,Dun Laoghaire Running,11.08,729,01:05:34,160,184,4.1,170,234,05:55,02:05,238,239,0.99,0,8.5,267,--,--,--,--,--,0,--,--,--,--,--,--,--,00:00,0,--,00:00,No,--,--,--,--
running,17/03/2016 07:19,FALSE,Dun Laoghaire Running,12,752,01:03:24,167,177,5,176,219,05:17,03:01,28,29,1.07,0,7.7,258,--,--,--,--,--,0,--,--,--,--,--,--,--,00:00,0,--,00:00,No,--,--,--,--
running,13/03/2016 08:37,FALSE,Dun Laoghaire Running,9.24,582,58:18:00,158,190,4.1,164,215,06:19,04:26,196,195,0.97,0,8.7,283,--,--,--,--,--,0,--,--,--,--,--,--,--,00:00,0,--,00:00,No,--,--,--,--
running,11/03/2016 08:06,FALSE,Dun Laoghaire Running,10.98,703,01:06:07,160,185,3.7,163,204,06:01,02:41,174,181,1.02,0,9,280,--,--,--,--,--,0,--,--,--,--,--,--,--,00:00,0,--,00:00,No,--,--,--,--
running,24/02/2016 09:34,FALSE,Dun Laoghaire Running,8.7,528,47:21:00,162,181,3.8,171,197,05:27,03:41,175,173,1.07,0,8.1,265,--,--,--,--,--,0,--,--,--,--,--,--,--,00:00,0,--,00:00,No,--,--,--,--
trail_running,21/02/2016 10:18,FALSE,Crone to Maulin,9.35,759,01:19:36,159,184,4.4,140,255,08:31,02:58,459,463,0.84,0,7.7,348,--,--,--,--,--,0,--,--,--,--,--,--,--,00:00,0,--,00:00,No,--,--,--,--
running,19/02/2016 17:40,FALSE,Dun Laoghaire Running,7.76,474,41:57:00,163,183,4,169,197,05:24,03:30,149,144,1.09,0,7.9,277,--,--,--,--,--,0,--,--,--,--,--,--,--,00:00,0,--,00:00,No,--,--,--,--
trail_running,14/02/2016 10:21,FALSE,Glenview to Sugarloaf,8.99,629,01:11:16,151,176,3.9,133,240,07:55,03:23,215,348,0.95,0,7.5,341,--,--,--,--,--,0,--,--,--,--,--,--,--,00:00,0,--,00:00,No,--,--,--,--
running,13/02/2016 17:29,FALSE,Dun Laoghaire Running,8.58,480,48:15:00,153,180,3.7,168,203,05:37,02:16,118,152,1.06,0,8.6,276,--,--,--,--,--,0,--,--,--,--,--,--,--,00:00,0,--,00:00,No,--,--,--,--
running,10/02/2016 14:58,FALSE,Dun Laoghaire Running,7.83,478,45:00:00,159,176,4.1,164,216,05:45,02:47,115,134,1.06,0,8.8,279,--,--,--,--,--,0,--,--,--,--,--,--,--,00:00,0,--,00:00,No,--,--,--,--
trail_running,07/02/2016 10:13,FALSE,Bray Running,10.94,713,01:16:40,158,185,4.9,145,255,07:00,04:10,790,800,0.98,0,8.6,311,--,--,--,--,--,0,--,--,--,--,--,--,--,00:00,0,--,00:00,No,--,--,--,--
trail_running,05/02/2016 11:23,FALSE,Kilkeel Running,8.18,529,49:50:00,162,184,5,160,171,06:06,04:18,92,114,1.03,0,9.4,282,--,--,--,--,--,0,--,--,--,--,--,--,--,00:00,0,--,00:00,No,--,--,--,--
cycling,31/01/2016 13:00,FALSE,Bray Cycling,20.05,491,01:00:42,142,176,4,--,--,19.8,52.7,228,281,0,0,0,--,--,--,--,--,--,0,--,--,--,--,--,--,--,00:00,0,--,00:00,No,--,--,--,--
cycling,31/01/2016 11:18,FALSE,Kilkeel Cycling,21.78,699,01:18:36,145,182,5,--,--,16.6,52.2,361,298,0,0,0,--,--,--,--,--,--,0,--,--,--,--,--,--,--,00:00,0,--,00:00,No,--,--,--,--
running,30/01/2016 17:54,FALSE,Dun Laoghaire Running,3.67,235,21:04,166,183,0,165,170,05:44,04:16,95,14,1.05,0,8.6,279,--,--,--,--,--,0,--,--,--,--,--,--,--,00:00,0,--,00:00,No,--,--,--,--
running,25/01/2016 18:16,FALSE,Dun Laoghaire Running,6.72,419,39:09:00,163,182,4.7,160,229,05:50,03:34,78,105,1.07,0,8.9,294,--,--,--,--,--,0,--,--,--,--,--,--,--,00:00,0,--,00:00,No,--,--,--,--
running,23/01/2016 11:31,FALSE,Dun Laoghaire Running,6.22,497,38:12:00,166,192,5,161,176,06:08,03:46,113,104,1.01,0,8.9,284,--,--,--,--,--,0,--,--,--,--,--,--,--,00:00,0,--,00:00,No,--,--,--,--
